{
  "connectorName": "CSV",
  "operationName": "jsonToCsv",
  "title": "JSON to CSV",
  "help": "<h1>JSON to CSV</h1> <b>Convert JSON payload to CSV</b>",
  "elements": [
    {
      "type": "attributeGroup",
      "value": {
        "groupName": "General",
        "elements": [
          {
            "type": "attribute",
            "value": {
              "name": "description",
              "displayName": "Description",
              "inputType": "string",
              "defaultValue": "",
              "required": "false",
              "helpTip": "Component description"
            }
          },
          {
            "type": "attributeGroup",
            "value": {
              "groupName": "Basic",
              "elements": [
                {
                  "type": "attribute",
                  "value": {
                    "name": "customHeader",
                    "displayName": "CSV Header",
                    "inputType": "stringOrExpression",
                    "defaultValue": "",
                    "required": "false",
                    "helpTip": "Comma separated strings to set as the CSV header"
                  }
                }
              ]
            }
          }
        ]
      }
    }
  ]
}
